URL,Last crawled
https://www.internetinmyanmar.com/tag/travel/feed/,2026-04-11
https://internetinmyanmar.com/?feed=rss2,2026-04-06
https://www.internetinmyanmar.com/?feed=rss2,2026-04-06
https://www.internetinmyanmar.com/feed/,2026-04-06
https://www.internetinmyanmar.com/feed/?lang=my,2026-04-06
https://www.internetinmyanmar.com/tag/datacenter/feed/,2026-03-31
https://www.internetinmyanmar.com/tag/smart-cities/feed/,2026-03-29
https://www.internetinmyanmar.com/tag/hulu/feed/,2026-03-29
https://www.internetinmyanmar.com/tag/pyoneplay/feed/,2026-03-29
https://www.internetinmyanmar.com/myanmar-speednet/myanmar-broadband-compare/,2026-03-29
https://www.internetinmyanmar.com/top-10-ideas-successful-isp-myanmar/unnamed-5/,2026-03-29
https://www.internetinmyanmar.com/tag/packages/feed/,2026-03-29
https://www.internetinmyanmar.com/redlink-dead-hail-redlink/redlink-myanmar-isp-internet-facebook-5bb/,2026-03-28
https://www.internetinmyanmar.com/ooredoo-facebook-topup/fvm-update/,2026-03-28
https://www.internetinmyanmar.com/tag/myanmar-digital-economy-challenges/feed/,2026-03-28
https://www.internetinmyanmar.com/my/tag/ftth-my-my/feed/,2026-03-27
https://www.internetinmyanmar.com/tag/wave/feed/,2026-03-26
https://www.internetinmyanmar.com/tag/yatanarpon/feed/,2026-03-23
https://www.internetinmyanmar.com/tag/usdt/feed/,2026-03-23
https://www.internetinmyanmar.com/tag/wimax/feed/,2026-03-21
https://www.internetinmyanmar.com/tag/frontiir/feed/,2026-03-21
https://www.internetinmyanmar.com/ooredoo-telenor-mpt-ussd-memo/ooredoo-telenor-mpt-shorcode-memo-2/,2026-03-20
https://www.internetinmyanmar.com/tag/netflix/feed/,2026-03-18
https://www.internetinmyanmar.com/tag/canal/feed/,2026-03-04
https://www.internetinmyanmar.com/amp/telenor-launches-suboo/,2026-02-27
https://www.internetinmyanmar.com/en/telenor-launches-suboo/,2026-02-26
https://www.internetinmyanmar.com/en/vpn-myanmar/,2026-02-25
https://www.internetinmyanmar.com/buy-bitcoin-myanmar-kyats/?swcfpc=1,2026-02-25
https://www.internetinmyanmar.com/test/telenor-home-wireless-internet/,2026-02-25
https://www.internetinmyanmar.com/tag/myanmar-internet-penetration-for-business/feed/,2026-02-25
https://www.internetinmyanmar.com/tag/mi11/feed/,2026-02-25
https://www.internetinmyanmar.com/tag/viettel/feed/,2026-02-25
https://www.internetinmyanmar.com/tag/app/feed/,2026-02-24
https://www.internetinmyanmar.com/tag/honor/feed/,2026-02-23
https://www.internetinmyanmar.com/test/pyone-play-download-offline/,2026-02-23
https://www.internetinmyanmar.com/tag/ookla/feed/,2026-02-23
https://www.internetinmyanmar.com/en/telenor-launch-ftth/,2026-02-23
https://www.internetinmyanmar.com/tag/mmix/feed/,2026-02-23
https://www.internetinmyanmar.com/tag/dala/feed/,2026-02-22
https://www.internetinmyanmar.com/tag/covid/feed/,2026-02-22
https://www.internetinmyanmar.com/tag/kbz/feed/,2026-02-22
https://www.internetinmyanmar.com/tag/hotspot/feed/,2026-02-22
https://www.internetinmyanmar.com/my/tag/grab-my-my/feed/,2026-02-21
https://www.internetinmyanmar.com/?p=877?p%3D877,2026-02-20
https://www.internetinmyanmar.com/my/myanmar-mobile-data-plans-comparison/,2026-02-19
https://www.internetinmyanmar.com/en/telenor-myanmar-joox/,2026-02-16
https://www.internetinmyanmar.com/amp/yatanarpon-lte-ftth/,2026-02-16
https://www.internetinmyanmar.com/en/yatanarpon-lte-ftth/,2026-02-16
https://www.internetinmyanmar.com/1959-2/,2026-02-16
https://www.internetinmyanmar.com/test/netcore-slash-prices/,2026-02-16
https://www.internetinmyanmar.com/test/top-10-ideas-successful-isp-myanmar/,2026-02-16
https://www.internetinmyanmar.com/peerapp-fortune-success-story/?bamp-skip-redirect=1,2026-02-15
https://www.internetinmyanmar.com/en/netcore-isp-myanmar/,2026-02-15
https://www.internetinmyanmar.com/netcore-isp-myanmar,2026-02-15
https://www.internetinmyanmar.com/amp/telenor-myanmar-data-roaming/,2026-02-15
https://www.internetinmyanmar.com/my/tag/ရွှေ/feed/,2026-02-14
https://www.internetinmyanmar.com/dedicated-internet-access-dia/?lang=my,2026-02-14
https://www.internetinmyanmar.com/tag/personal-information/feed/,2026-02-14
https://www.internetinmyanmar.com/cookie-tv-app-myanmar/,2026-02-14
https://www.internetinmyanmar.com/my/advertise-with-us/,2026-02-14
https://www.internetinmyanmar.com/advertise-with-us/?lang=my,2026-02-14
https://www.internetinmyanmar.com/5g-myanmar-future//1000,2026-02-13
https://www.internetinmyanmar.com/amp/top-digital-services-myanmar/,2026-02-13
https://www.internetinmyanmar.com/en/top-digital-services-myanmar/,2026-02-13
https://www.internetinmyanmar.com/test/top-digital-services-myanmar/,2026-02-13
https://www.internetinmyanmar.com/top-digital-,2026-02-13
https://www.internetinmyanmar.com/en/5g-myanmar-future/,2026-02-12
https://www.internetinmyanmar.com/en/myanmar-,2026-02-11
https://www.internetinmyanmar.com/?p=1638,2026-02-11
https://www.internetinmyanmar.com/en/yangon-wifi-map/,2026-02-11
https://www.internetinmyanmar.com/test/yangon-wifi-map/,2026-02-11
https://www.internetinmyanmar.com/category/analysis/feed/,2026-02-10
https://www.internetinmyanmar.com/ooredoo-telenor-mpt-ussd-memo/ooredoo-telenor-mpt-shorcode-memo-3/,2026-02-10
https://www.internetinmyanmar.com/test/ixp-internet-exchange-myanmar/,2026-02-08
http://www.internetinmyanmar.com/social-media-marketing-benchmark-internet-service-providers-in-myanmar/,2026-02-05
https://www.internetinmyanmar.com/test/social-marketing-isp-myanmar/,2026-02-05
https://www.internetinmyanmar.com/the-growth-,2026-02-05
https://www.internetinmyanmar.com/tag/unlimited/feed/,2026-02-04
https://www.internetinmyanmar.com/tag/facebook/feed/,2026-02-02
https://www.internetinmyanmar.com/tag/future-of-online-shopping-myanmar/feed/,2026-02-01
https://www.internetinmyanmar.com/tag/roaming/feed/,2026-02-01
https://www.internetinmyanmar.com/choose-business-internet-provider,2026-01-31
https://www.internetinmyanmar.com/choose-business-internet-provider/1000,2026-01-31
https://www.internetinmyanmar.com/amp/ipv6-deployment-status-in-myanmar/,2026-01-31
https://www.internetinmyanmar.com/tag/kyat/feed/,2026-01-30
https://www.internetinmyanmar.com/tag/suboo/feed/,2026-01-30
https://www.internetinmyanmar.com/en/ooredoo-night-packs/,2026-01-29
https://www.internetinmyanmar.com/?lang=my&epic-ajax-request=epic-ne,2026-01-29
https://www.internetinmyanmar.com/my/tag/wavemoney-my-my/feed/,2026-01-29
https://www.internetinmyanmar.com/tag/esports/feed/,2026-01-25
https://www.internetinmyanmar.com/tag/cloud/feed/,2026-01-25
https://www.internetinmyanmar.com/category/broadband/page/5/?bamp-skip-redirect=1,2026-01-19
https://www.internetinmyanmar.com/amp/ooredoo-4g-review/,2026-01-13
https://www.internetinmyanmar.com/amp/telenor-home-wireless-internet/,2026-01-13
https://www.internetinmyanmar.com/en/pyone-play-phone/,2026-01-12
https://www.internetinmyanmar.com/robots.txt,2026-01-08
https://www.internetinmyanmar.com/tag/gold/feed/,2026-01-07
https://www.internetinmyanmar.com/tag/music/feed/,2026-01-06
https://www.internetinmyanmar.com/my/tag/truenet-my-my/feed/,2026-01-05
https://www.internetinmyanmar.com/tag/bsc/feed/,2026-01-04
https://www.internetinmyanmar.com/tag/facebook-my/feed/,2026-01-04
https://www.internetinmyanmar.com/tag/e-commerce-growth-in-myanmar-2025/feed/,2026-01-04
https://www.internetinmyanmar.com/wp-content/uploads/2017/04/Ooredoo-Telenor-MPT-Shorcode-Memo.pdf?x77441,2026-01-04
https://www.internetinmyanmar.com/yatanarpon-lte-ftth/54063i4e9befc38da5c004/,2026-01-03
https://www.internetinmyanmar.com/amp/mobile-internet-myanmar-nov16/,2026-01-03
https://www.internetinmyanmar.com/residential-unlimited-broadband-myanmar-december-2017/residential-unlimited-packages-dec17-2/,2026-01-02
https://www.internetinmyanmar.com/ooredoo-facebook-topup/?nonamp=1/,2026-01-02
https://www.internetinmyanmar.com/business-directory/truenet/,2026-01-02
https://www.internetinmyanmar.com/en/4g-telco-myanmar-market/,2026-01-02
https://www.internetinmyanmar.com/page/10/?lang=my,2026-01-02
https://www.internetinmyanmar.com/page/10/?lang=my&epic-ajax-request=epic-ne,2026-01-02
https://www.internetinmyanmar.com/my/tag/5g-internet-mobile-myanmar/feed/,2026-01-02
https://www.internetinmyanmar.com/my/tag/binance-my/feed/,2026-01-02
https://www.internetinmyanmar.com/tag/mytel/feed/,2026-01-02
https://www.internetinmyanmar.com/tag/play/feed/,2026-01-02
https://www.internetinmyanmar.com/amp/yangon-wifi-map/,2026-01-02
https://www.internetinmyanmar.com/redlink-dead-hail-redlink/redlink-myanmar-isp-internet-facebook-5bb-4/,2026-01-02
https://www.internetinmyanmar.com/netcore-promotion/page/10/,2026-01-01
https://www.internetinmyanmar.com/amp/ooredoo-supernet-wireless-ananda-threat/,2026-01-01
https://www.internetinmyanmar.com/tag/youtube-my/feed/,2026-01-01
https://www.internetinmyanmar.com/internet-users-myanmar-2017/digital-asia-myanmar-broadband-2017/,2026-01-01
https://www.internetinmyanmar.com/tag/phone/feed/,2025-12-31
https://www.internetinmyanmar.com/tag/day/feed/,2025-12-30
https://www.internetinmyanmar.com/my/tag/usd-my/feed/,2025-12-30
https://www.internetinmyanmar.com/tag/bitcoin/feed/,2025-12-30
https://www.internetinmyanmar.com/tag/idiscover/feed/,2025-12-29
https://www.internetinmyanmar.com/tag/food-delivery-services-my/feed/,2025-12-27
https://www.internetinmyanmar.com/yangon-internet-people-park/?nonamp=1/,2025-12-26
https://www.internetinmyanmar.com/en/တစ္စထက္-တစ္စ-ပိုမိုလမ္းပ/,2025-12-25
https://www.internetinmyanmar.com/tag/online-shopping-trends-myanmar/feed/,2025-12-20
https://www.internetinmyanmar.com/my/myanmar-mobile-coverage-map/,2025-12-18
https://www.internetinmyanmar.com/page/11/?lang=my,2025-12-15
https://www.internetinmyanmar.com/my/wp-json/,2025-12-09
https://www.internetinmyanmar.com/wp-includes/js/wp-emoji-release.min.js?ver=6.9,2025-12-08
https://www.internetinmyanmar.com/tag/aws/feed/,2025-12-07
https://www.internetinmyanmar.com/tag/linux/feed/,2025-12-07
https://www.internetinmyanmar.com/tag/wireless/feed/,2025-12-07
https://www.internetinmyanmar.com/en/myanmar-bidder-lte-4g/,2025-12-06
https://www.internetinmyanmar.com/tag/alicloud/feed/,2025-12-04
https://www.internetinmyanmar.com/tag/gcp/,2025-12-04
https://www.internetinmyanmar.com/tag/vmware/,2025-12-04
https://www.internetinmyanmar.com/tag/alicloud/,2025-12-04
https://www.internetinmyanmar.com/tag/aws/,2025-12-04
https://www.internetinmyanmar.com/myanmar-bidder-lte-4g?nonamp=1/,2025-12-04
http://www.internetinmyanmar.com/mtc-published-the-list-of-qualified-bidder-for-lte-spectrum/,2025-12-04
https://www.internetinmyanmar.com/amp/myanmar-bidder-lte-4g/,2025-12-04
https://www.internetinmyanmar.com/test/myanmar-bidder-lte-4g/,2025-12-04
https://www.internetinmyanmar.com/tag/cybersecurity/feed/,2025-12-04
https://www.internetinmyanmar.com/tag/vpn-services/feed/,2025-12-04
https://www.internetinmyanmar.com/tag/vpn-services/,2025-12-04
https://www.internetinmyanmar.com/tag/cybersecurity/,2025-12-04
https://www.internetinmyanmar.com/tag/golden-rock/,2025-12-03
https://www.internetinmyanmar.com/tag/password-manager/,2025-12-03
https://www.internetinmyanmar.com/tag/presearch/,2025-12-03
https://www.internetinmyanmar.com/wp-json/,2025-12-03
https://www.internetinmyanmar.com/705ea-news/page/11/?lang=my,2025-12-02
https://www.internetinmyanmar.com/page/11/?lang=my&epic-ajax-request=epic-ne,2025-12-02
https://www.internetinmyanmar.com/tag/degen/,2025-12-02
https://www.internetinmyanmar.com/category/mobile/page/2/?filter_by=popular7,2025-12-02
https://www.internetinmyanmar.com/page/20/?lang=my&epic-ajax-request=epic-ne,2025-12-01
https://www.internetinmyanmar.com/category/broadband/page/2/?filter_by=popular,2025-11-30
https://www.internetinmyanmar.com/author/zin-zin/?lang=my,2025-11-28
https://www.internetinmyanmar.com/tag/youtube/feed/,2025-11-28
https://www.internetinmyanmar.com/category/toolbox/feed/,2025-11-28
https://www.internetinmyanmar.com/my/tag/isp-my/,2025-11-28
https://internetinmyanmar.com/ooredoo-telenor-mpt-ussd-memo/?nonamp=1/,2025-11-27
https://www.internetinmyanmar.com/my/tag/mandalay/,2025-11-26
https://www.internetinmyanmar.com/tag/myanmarnet/feed/,2025-11-24
https://www.internetinmyanmar.com/tag/twante/,2025-11-24
https://www.internetinmyanmar.com/category/news/page/9/?ak_action=reject_mobile,2025-11-23
https://www.internetinmyanmar.com/tag/service/feed/,2025-11-23
https://www.internetinmyanmar.com/residential-broadband-april-2017/5bb-broadband-facebook-review-1/,2025-11-22
https://www.internetinmyanmar.com/my/tag/myanmar-my-my/feed/,2025-11-20
https://www.internetinmyanmar.com/internet-myanmar-expensive/?ak_action=reject_mobile&bamp-skip-redirect=1,2025-11-18
https://www.internetinmyanmar.com/tag/unilink-my/feed/,2025-11-18
https://www.internetinmyanmar.com/ooredoo-launch-4g-pro-myanmar/?nonamp=1/,2025-11-16
https://www.internetinmyanmar.com/privacy-policy-2/?bamp-skip-redirect=1,2025-11-16
https://www.internetinmyanmar.com/telenor-myanmar-joox//1000,2025-11-16
https://www.internetinmyanmar.com/tag/unilink-my-my/feed/,2025-11-16
https://www.internetinmyanmar.com/category/news/mobile/page/2/,2025-11-16
https://www.internetinmyanmar.com/category/mobile/page/2/?ak_action=reject_mobile,2025-11-16
https://www.internetinmyanmar.com/page/2/?lang=my,2025-11-15
https://www.internetinmyanmar.com/my/tag/android-find-my-device-myanmar/feed/,2025-11-15
https://www.internetinmyanmar.com/tag/android-find-my-device-myanmar/,2025-11-15
https://www.internetinmyanmar.com/category/english/page/8/?filter_by=featured,2025-11-15
https://www.internetinmyanmar.com/ooredoo-4g-review//1000,2025-11-15
https://www.internetinmyanmar.com/tag/android-find-my-device-myanmar/?lang=my,2025-11-15
https://www.internetinmyanmar.com/tag/welink/feed/,2025-11-15
https://www.internetinmyanmar.com/category/english/page/8/,2025-11-14
https://www.internetinmyanmar.com/myanmar-4g-spectrum//1000,2025-11-14
https://www.internetinmyanmar.com/page/2/?lang=my&epic-ajax-request=epic-ne,2025-11-14
https://www.internetinmyanmar.com/page/3/?lang=my&epic-ajax-request=epic-ne,2025-11-14
https://www.internetinmyanmar.com/my/5g-နည္းပညာကတကယ္ပဲ-အျမန္ဆံ/,2025-11-14
https://www.internetinmyanmar.com/705ea-news/page/3/?lang=my,2025-11-14
https://www.internetinmyanmar.com/tag/trading/feed/,2025-11-14
https://www.internetinmyanmar.com/tag/botnet/feed/,2025-11-14
https://www.internetinmyanmar.com/page/3/?lang=my,2025-11-14
https://www.internetinmyanmar.com/tag/google-my/,2025-11-14
https://www.internetinmyanmar.com/tag/internet-my/feed/,2025-11-14
https://www.internetinmyanmar.com/tag/myanmar/feed/,2025-11-13
https://www.internetinmyanmar.com/category/english/page/11/?filter_by=featured,2025-11-13
https://www.internetinmyanmar.com/category/english/page/11/,2025-11-13
https://www.internetinmyanmar.com/tag/skynet/feed/,2025-11-13
https://www.internetinmyanmar.com/tag/shared/feed/,2025-11-13
https://www.internetinmyanmar.com/category/analysis/page/4/?filter_by=popular7&bamp-skip-redirect=1,2025-11-13
https://www.internetinmyanmar.com/category/broadband/page/3/?filter_by=review_high,2025-11-13
https://www.internetinmyanmar.com/internet-penetration-sept-17/audience-fb/,2025-11-13
https://www.internetinmyanmar.com/tag/grab-my/feed/,2025-11-13
https://www.internetinmyanmar.com/tag/myanmar-my-2/?lang=my,2025-11-13
https://www.internetinmyanmar.com/my/tag/esports-my/,2025-11-12
https://www.internetinmyanmar.com/tag/yangon/feed/,2025-11-12
https://www.internetinmyanmar.com/tag/redlink/feed/,2025-11-12
https://www.internetinmyanmar.com/category/broadband/page/2/,2025-11-11
https://www.internetinmyanmar.com/my/tag/mmk-my/feed/,2025-11-06
https://www.internetinmyanmar.com/page/20/?lang=my,2025-11-04
https://www.internetinmyanmar.com/tag/bnb/,2025-11-04
https://www.internetinmyanmar.com/wp-login.php?action=lostpassword&redirect_to=https://www.internetinmyanmar.com/fiber-broadband-ftth-myanmar/,2025-11-03
https://www.internetinmyanmar.com/wp-login.php?action=lostpassword&redirect_to=https://www.internetinmyanmar.com/internet-volume-plans-myanmar/,2025-11-01
https://www.internetinmyanmar.com/wp-login.php?action=lostpassword&redirect_to=https://www.internetinmyanmar.com/lte-internet-myanmar-auction/,2025-11-01
https://www.internetinmyanmar.com/tag/joox/feed/,2025-10-31
https://www.internetinmyanmar.com/tag/ooredoo/,2025-10-31
https://www.internetinmyanmar.com/tag/ooredoo-my-my/?lang=my,2025-10-27
https://www.internetinmyanmar.com/wp-includes/js/dist/vendor/wp-polyfill-formdata.min.js?ver=3.0.12,2025-10-26
https://www.internetinmyanmar.com/wp-includes/js/dist/vendor/wp-polyfill-object-fit.min.js?ver=2.3.4,2025-10-26
https://www.internetinmyanmar.com/is-it-too-late-to-,2025-10-25
https://internetinmyanmar.com/en/pyone-play-phone/,2025-10-24
https://www.internetinmyanmar.com/tag/laos-sim-card/feed/,2025-10-24
https://www.internetinmyanmar.com/panic-myanmar-broadband-market/?bamp-skip-redirect=1,2025-10-24
https://www.internetinmyanmar.com/tag/virtualization/feed/,2025-10-23
https://www.internetinmyanmar.com/tag/pyone-play/feed/,2025-10-23
https://www.internetinmyanmar.com/tag/passive-income/feed/,2025-10-23
https://www.internetinmyanmar.com/en/screenshot_2017-05-04-11-53-50-713_io-wifimap-wifimap/,2025-10-23
https://www.internetinmyanmar.com/tag/passive-income/,2025-10-23
https://www.internetinmyanmar.com/tag/food-delivery-services-my-2/?lang=my,2025-10-22
https://www.internetinmyanmar.com/my/tag/btc-my/feed/,2025-10-22
https://www.internetinmyanmar.com/tag/expressvpn/feed/,2025-10-22
https://www.internetinmyanmar.com/search/label/feed/rss2/,2025-10-21
https://www.internetinmyanmar.com/top-10-ideas-successful-isp-myanmar/asus-rt-ac3200-tri-band-best-ac-router-2015/,2025-10-21
https://www.internetinmyanmar.com/tag/staking/feed/,2025-10-21
https://www.internetinmyanmar.com/tag/news/,2025-10-21
"https://www.internetinmyanmar.com/my/search/信頼できるCSPAI 模擬試験問題集と一番優秀なCSPAI 
受験トレーリング ⏰ 【 CSPAI 】を無料でダウンロード【 www.goshiken.com 
】ウェブサイトを入力するだけCSPAI模擬解説集/feed/rss2/",2025-10-20
https://www.internetinmyanmar.com/tag/5g-internet-mobile-myanmar/,2025-10-20
https://www.internetinmyanmar.com/tag/speednet-my-my/?lang=my,2025-10-20
https://www.internetinmyanmar.com/tag/p2p/feed/,2025-10-20
https://www.internetinmyanmar.com/tag/p2p/,2025-10-20
https://www.internetinmyanmar.com/tag/yatanarpon-my-my/?lang=my,2025-10-20
https://www.internetinmyanmar.com/tag/telenor-my-my/?lang=my,2025-10-20
https://www.internetinmyanmar.com/tag/binance/feed/,2025-10-20
https://www.internetinmyanmar.com/category/news/page/4/?ak_action=reject_mobile,2025-10-20
https://www.internetinmyanmar.com/tag/pubg/,2025-10-19
https://www.internetinmyanmar.com/page/2/?lang=my&s=label,2025-10-19
"https://www.internetinmyanmar.com/my/?s=%E4%BF%A1%E9%A0%BC%E3%81%A7%E3%81%8D%E3%82%8BCSPAI 
%E6%A8%A1%E6%93%AC%E8%A9%A6%E9%A8%93%E5%95%8F%E9%A1%8C%E9%9B%86%E3%81%A8%E4%B8%80%E7%95%AA%E5%84%AA%E7%A7%80%E3%81%AACSPAI 
%E5%8F%97%E9%A8%93%E3%83%88%E3%83%AC%E3%83%BC%E3%83%AA%E3%83%B3%E3%82%B0 
%E2%8F%B0 %E3%80%90 CSPAI 
%E3%80%91%E3%82%92%E7%84%A1%E6%96%99%E3%81%A7%E3%83%80%E3%82%A6%E3%83%B3%E3%83%AD%E3%83%BC%E3%83%89%E3%80%90 
www.goshiken.com 
%E3%80%91%E3%82%A6%E3%82%A7%E3%83%96%E3%82%B5%E3%82%A4%E3%83%88%E3%82%92%E5%85%A5%E5%8A%9B%E3%81%99%E3%82%8B%E3%81%A0%E3%81%91CSPAI%E6%A8%A1%E6%93%AC%E8%A7%A3%E8%AA%AC%E9%9B%86",2025-10-19
https://www.internetinmyanmar.com/my/tag/speednet-my-my/,2025-10-19
"https://www.internetinmyanmar.com/search/信頼できるCSPAI 模擬試験問題集と一番優秀なCSPAI 
受験トレーリング ⏰ 【 CSPAI 】を無料でダウンロード【 www.goshiken.com 
】ウェブサイトを入力するだけCSPAI模擬解説集/feed/rss2/",2025-10-18
https://www.internetinmyanmar.com/my/tag/myanmar-my-2/,2025-10-18
"https://www.internetinmyanmar.com/?s=%E4%BF%A1%E9%A0%BC%E3%81%A7%E3%81%8D%E3%82%8BCSPAI 
%E6%A8%A1%E6%93%AC%E8%A9%A6%E9%A8%93%E5%95%8F%E9%A1%8C%E9%9B%86%E3%81%A8%E4%B8%80%E7%95%AA%E5%84%AA%E7%A7%80%E3%81%AACSPAI 
%E5%8F%97%E9%A8%93%E3%83%88%E3%83%AC%E3%83%BC%E3%83%AA%E3%83%B3%E3%82%B0 
%E2%8F%B0 %E3%80%90 CSPAI 
%E3%80%91%E3%82%92%E7%84%A1%E6%96%99%E3%81%A7%E3%83%80%E3%82%A6%E3%83%B3%E3%83%AD%E3%83%BC%E3%83%89%E3%80%90 
www.goshiken.com 
%E3%80%91%E3%82%A6%E3%82%A7%E3%83%96%E3%82%B5%E3%82%A4%E3%83%88%E3%82%92%E5%85%A5%E5%8A%9B%E3%81%99%E3%82%8B%E3%81%A0%E3%81%91CSPAI%E6%A8%A1%E6%93%AC%E8%A7%A3%E8%AA%AC%E9%9B%86",2025-10-17
"https://www.internetinmyanmar.com/?s=%E4%BF%A1%E9%A0%BC%E3%81%A7%E3%81%8D%E3%82%8BCSPAI 
%E6%A8%A1%E6%93%AC%E8%A9%A6%E9%A8%93%E5%95%8F%E9%A1%8C%E9%9B%86%E3%81%A8%E4%B8%80%E7%95%AA%E5%84%AA%E7%A7%80%E3%81%AACSPAI 
%E5%8F%97%E9%A8%93%E3%83%88%E3%83%AC%E3%83%BC%E3%83%AA%E3%83%B3%E3%82%B0 
%E2%8F%B0 %E3%80%90 CSPAI 
%E3%80%91%E3%82%92%E7%84%A1%E6%96%99%E3%81%A7%E3%83%80%E3%82%A6%E3%83%B3%E3%83%AD%E3%83%BC%E3%83%89%E3%80%90 
www.goshiken.com 
%E3%80%91%E3%82%A6%E3%82%A7%E3%83%96%E3%82%B5%E3%82%A4%E3%83%88%E3%82%92%E5%85%A5%E5%8A%9B%E3%81%99%E3%82%8B%E3%81%A0%E3%81%91CSPAI%E6%A8%A1%E6%93%AC%E8%A7%A3%E8%AA%AC%E9%9B%86",2025-10-17
https://www.internetinmyanmar.com/tag/staking/,2025-10-17
https://www.internetinmyanmar.com/tag/mpt/page/1/,2025-10-17
https://www.internetinmyanmar.com/category/ott/feed/,2025-10-17
https://www.internetinmyanmar.com/my/tag/btc-my/,2025-10-16
https://www.internetinmyanmar.com/category/ott,2025-10-16
https://www.internetinmyanmar.com/tag/myanmar-internet-censorship-chinese-technology/feed/,2025-09-25
https://www.internetinmyanmar.com/tag/hotel/feed/,2025-06-02
https://www.internetinmyanmar.com/705ea-news/page/8/?lang=my,2025-03-01
https://www.internetinmyanmar.com/welink-internet-provider-yangon/?bamp-skip-redirect=1,2023-11-24
https://www.internetinmyanmar.com/telenor-myanmar-3g-4g-apn-settings/?bamp-skip-redirect=1,2019-08-29